{
    "rmse": 0.7316893053479918,
    "mae": 0.5762293652155189,
    "r2": 0.2663913678042866
}